03/01/2005, 0.6014054674662404
04/01/2005, 0.5927277859968548
05/01/2005, 0.5845903589317111
06/01/2005, 0.5776582205567022
07/01/2005, 0.5718096071472603
10/01/2005, 0.5669282731829013
11/01/2005, 0.5630955135880777
12/01/2005, 0.5591272011509953
13/01/2005, 0.555875038119297
14/01/2005, 0.5520259981468575
18/01/2005, 0.5397919759946357
19/01/2005, 0.536858930839914
20/01/2005, 0.5361314342906501
21/01/2005, 0.5353277088132964
24/01/2005, 0.5367223244388081
25/01/2005, 0.5397124519933562
26/01/2005, 0.5438944481119575
27/01/2005, 0.5485416131859934
28/01/2005, 0.5522842319462566
31/01/2005, 0.5564289221642552
01/02/2005, 0.5585733017531738
02/02/2005, 0.5597989494767895
03/02/2005, 0.5622075537757389
04/02/2005, 0.5646465215508659
07/02/2005, 0.5665755377952956
08/02/2005, 0.5709607108276636
09/02/2005, 0.5753227501591693
10/02/2005, 0.5803295551573572
11/02/2005, 0.584527580231111
14/02/2005, 0.5873340541147154
15/02/2005, 0.5899447333521829
16/02/2005, 0.5920457750591434
17/02/2005, 0.5945648402763158
18/02/2005, 0.5984515660726784
22/02/2005, 0.6112447948023729
23/02/2005, 0.6209078636887424
24/02/2005, 0.6293270248085348
25/02/2005, 0.6382795616682776
28/02/2005, 0.6467022703110429
01/03/2005, 0.6550870530083709
02/03/2005, 0.6640067177225877
03/03/2005, 0.6720792296342224
04/03/2005, 0.6794955520176714
07/03/2005, 0.6870169922303989
08/03/2005, 0.6949385583406154
09/03/2005, 0.7029426079307123
10/03/2005, 0.712039148869022
11/03/2005, 0.7208272387873295
14/03/2005, 0.730455710546618
15/03/2005, 0.7386472070318117
16/03/2005, 0.7472184398294546
17/03/2005, 0.7563479773359852
18/03/2005, 0.7646742309187288
21/03/2005, 0.7730135979727044
22/03/2005, 0.7809779780477163
23/03/2005, 0.7895655647156518
24/03/2005, 0.796964927845275
28/03/2005, 0.8123016645230732
29/03/2005, 0.8214521414220136
30/03/2005, 0.830919614312711
31/03/2005, 0.8413759717168706
01/04/2005, 0.8492255637514727
04/04/2005, 0.8566681442868015
05/04/2005, 0.8625143812313033
06/04/2005, 0.8695599825311877
07/04/2005, 0.877448019552485
08/04/2005, 0.8850399991626527
11/04/2005, 0.8932257798476262
12/04/2005, 0.9012638901228766
13/04/2005, 0.9094716373388206
14/04/2005, 0.9177001106737653
15/04/2005, 0.9264753657053927
18/04/2005, 0.9342319707001722
19/04/2005, 0.9407022377857351
20/04/2005, 0.9464786255822012
21/04/2005, 0.9519591262506168
22/04/2005, 0.95542191294239
25/04/2005, 0.9604515428772589
26/04/2005, 0.9633691537846083
27/04/2005, 0.9662726330390662
28/04/2005, 0.9689033456718077
29/04/2005, 0.9711360789777329
02/05/2005, 0.9733997713182235
03/05/2005, 0.973906221117063
04/05/2005, 0.9737020018874086
05/05/2005, 0.9740682241392875
06/05/2005, 0.9728823295696037
09/05/2005, 0.9708273709189426
10/05/2005, 0.9693445062417809
11/05/2005, 0.9668601120226585
12/05/2005, 0.9656045921193448
13/05/2005, 0.9641859617022152
16/05/2005, 0.9640816134624283
17/05/2005, 0.9646578203581416
18/05/2005, 0.9640219905520279
19/05/2005, 0.962616654375143
20/05/2005, 0.9591741133446955
23/05/2005, 0.9544324738347801
24/05/2005, 0.948320329367837
25/05/2005, 0.941771044927603
26/05/2005, 0.9350824675334651
27/05/2005, 0.9277880476376816
31/05/2005, 0.914641860944906
01/06/2005, 0.908502124766211
02/06/2005, 0.9027255940635216
03/06/2005, 0.8966340675170373
06/06/2005, 0.8896485573624654
07/06/2005, 0.8833798001787501
08/06/2005, 0.8763647439361194
09/06/2005, 0.8686309200121983
10/06/2005, 0.8625184087609128
13/06/2005, 0.8563106780755565
14/06/2005, 0.8499734217519722
15/06/2005, 0.8442933683299676
16/06/2005, 0.8383711841654696
17/06/2005, 0.8317006742903988
20/06/2005, 0.8238600572317121
21/06/2005, 0.8145353751829318
22/06/2005, 0.8053533450212162
23/06/2005, 0.7975224753684641
24/06/2005, 0.7906758820754965
27/06/2005, 0.7833287400905246
28/06/2005, 0.7762938329614156
29/06/2005, 0.7685616641354297
30/06/2005, 0.7609989672465826
01/07/2005, 0.7527727792880377
05/07/2005, 0.7373147679358836
06/07/2005, 0.7295983473678137
07/07/2005, 0.7230211896140648
08/07/2005, 0.7160666347393827
11/07/2005, 0.7095097570950437
12/07/2005, 0.7033913333592351
13/07/2005, 0.6970378618396949
14/07/2005, 0.6903030968018314
15/07/2005, 0.6838814262728501
18/07/2005, 0.6774190123384624
19/07/2005, 0.6709485183601954
20/07/2005, 0.6666274844060897
21/07/2005, 0.6627459555284337
22/07/2005, 0.6593950829286661
25/07/2005, 0.6545820406431914
26/07/2005, 0.6519387817793019
27/07/2005, 0.650241500728959
28/07/2005, 0.6492820565622837
29/07/2005, 0.648820847736077
01/08/2005, 0.6487091892244601
02/08/2005, 0.6489905839651579
03/08/2005, 0.6501080282467994
04/08/2005, 0.6517760054411956
05/08/2005, 0.6532891836440918
08/08/2005, 0.6556567901916913
09/08/2005, 0.6577081162151511
10/08/2005, 0.6602359494023641
11/08/2005, 0.6616193805453857
12/08/2005, 0.6612552077110069
15/08/2005, 0.6621569431039104
16/08/2005, 0.6638651279958141
17/08/2005, 0.6655048454864174
18/08/2005, 0.6680199140598557
19/08/2005, 0.6705310058106523
22/08/2005, 0.6743891456099474
23/08/2005, 0.6780099354540556
24/08/2005, 0.6829060668463461
25/08/2005, 0.6879174330474374
26/08/2005, 0.6946734877759828
29/08/2005, 0.7027442128447413
30/08/2005, 0.7115634510465981
31/08/2005, 0.718442632429388
01/09/2005, 0.7242564594425821
02/09/2005, 0.7301084186009035
06/09/2005, 0.7438273167696364
07/09/2005, 0.749717187301361
08/09/2005, 0.7559111997230904
09/09/2005, 0.7619967139683452
12/09/2005, 0.7681859999345577
13/09/2005, 0.7752891920812913
14/09/2005, 0.7830069534284883
15/09/2005, 0.7917068571095822
16/09/2005, 0.8001962030145097
19/09/2005, 0.8091536706608928
20/09/2005, 0.8186069862202833
21/09/2005, 0.8282951775939735
22/09/2005, 0.8356336264221068
23/09/2005, 0.8417990516016799
26/09/2005, 0.8476328622643583
27/09/2005, 0.8524361115237405
28/09/2005, 0.8572433170611164
29/09/2005, 0.8612602858546652
30/09/2005, 0.8646013486139507
03/10/2005, 0.8664072069597378
04/10/2005, 0.8681427411247145
05/10/2005, 0.8695085506209925
06/10/2005, 0.8711164357216697
07/10/2005, 0.8728495925291694
10/10/2005, 0.8756847360126091
11/10/2005, 0.8797510822692189
12/10/2005, 0.882823589006166
13/10/2005, 0.8865451053327703
14/10/2005, 0.8906753726752473
17/10/2005, 0.8948998118465578
18/10/2005, 0.8987633565151986
19/10/2005, 0.901031388548371
20/10/2005, 0.9028269139365998
21/10/2005, 0.9025585913751815
24/10/2005, 0.9010323715272793
25/10/2005, 0.8965249567872499
26/10/2005, 0.8933887291477689
27/10/2005, 0.8915943090392849
28/10/2005, 0.8899231804944001
31/10/2005, 0.8892675947333705
01/11/2005, 0.888362576742792
02/11/2005, 0.886449017836171
03/11/2005, 0.884577921426936
04/11/2005, 0.8816104872376771
07/11/2005, 0.8779653112592934
08/11/2005, 0.8735128104106156
09/11/2005, 0.8695233662734504
10/11/2005, 0.8645251579798412
11/11/2005, 0.8597148388247917
14/11/2005, 0.8540064045746278
15/11/2005, 0.8475655415415547
16/11/2005, 0.8400028210073714
17/11/2005, 0.831063105365567
18/11/2005, 0.823231055697104
21/11/2005, 0.8145425990787277
22/11/2005, 0.8057559405067165
23/11/2005, 0.7967951734521095
25/11/2005, 0.7785613089107865
28/11/2005, 0.7702987667915046
29/11/2005, 0.7610844348955328
30/11/2005, 0.7528450448188034
01/12/2005, 0.7433264985586505
02/12/2005, 0.7335089214616051
05/12/2005, 0.72331486940423
06/12/2005, 0.7123630970886244
07/12/2005, 0.7010114582625732
08/12/2005, 0.6898851347818199
09/12/2005, 0.677507815072119
12/12/2005, 0.6638190530575829
13/12/2005, 0.6493137095303096
14/12/2005, 0.6354426804991117
15/12/2005, 0.6222086401439275
16/12/2005, 0.6085638925075447
19/12/2005, 0.59500992502528
20/12/2005, 0.5823692262412814
21/12/2005, 0.5706141528876656
22/12/2005, 0.5602351098901799
23/12/2005, 0.5481039190983381
27/12/2005, 0.5230934705873949
28/12/2005, 0.513738239279169
29/12/2005, 0.5049677280728025
30/12/2005, 0.4966860619921034
03/01/2006, 0.48102830584632666
04/01/2006, 0.47506522038205445
05/01/2006, 0.4707704603022362
06/01/2006, 0.4658238655914072
09/01/2006, 0.461900830372557
10/01/2006, 0.4571849011274465
11/01/2006, 0.4533479830352626
12/01/2006, 0.44931547390633353
13/01/2006, 0.44593432244234205
17/01/2006, 0.4384094117171402
18/01/2006, 0.4354082118022274
19/01/2006, 0.4328443365031345
20/01/2006, 0.43021035181078426
23/01/2006, 0.4285608432396609
24/01/2006, 0.42820039181895136
25/01/2006, 0.42799313588572213
26/01/2006, 0.4277085837458713
27/01/2006, 0.4274122927664064
30/01/2006, 0.42874831385776135
31/01/2006, 0.4301998041317623
01/02/2006, 0.42879050375430966
02/02/2006, 0.42667751879573534
03/02/2006, 0.424445097060051
06/02/2006, 0.42092340794035193
07/02/2006, 0.41863457882322574
08/02/2006, 0.4167996338673116
09/02/2006, 0.41644208986151876
10/02/2006, 0.415995506184452
13/02/2006, 0.4138530208909772
14/02/2006, 0.4116134153863315
15/02/2006, 0.40959043767020253
16/02/2006, 0.409145326588765
17/02/2006, 0.40935943731701063
21/02/2006, 0.4139725270432541
22/02/2006, 0.4146794987124132
23/02/2006, 0.4145463826371059
24/02/2006, 0.4132331112256409
27/02/2006, 0.41170105244654304
28/02/2006, 0.4099599769390536
01/03/2006, 0.40846379675654687
02/03/2006, 0.4075202833404343
03/03/2006, 0.4068749193540398
06/03/2006, 0.4069363861193541
07/03/2006, 0.4067357865484494
08/03/2006, 0.40703352401579534
09/03/2006, 0.4087748482884981
10/03/2006, 0.4106256972526208
13/03/2006, 0.4131680716713914
14/03/2006, 0.41662584073182146
15/03/2006, 0.4207971189451403
16/03/2006, 0.4250033014241407
17/03/2006, 0.4275622941591957
20/03/2006, 0.43034623253948057
21/03/2006, 0.4330769909815369
22/03/2006, 0.4354354982833228
23/03/2006, 0.43643614719319257
24/03/2006, 0.43698905632596907
27/03/2006, 0.4383952616736553
28/03/2006, 0.4389570062343888
29/03/2006, 0.44128175583693724
30/03/2006, 0.4434733068113702
31/03/2006, 0.44759756307966897
03/04/2006, 0.45322673764837473
04/04/2006, 0.4600018240544525
05/04/2006, 0.46811197974397145
06/04/2006, 0.47699566068300053
07/04/2006, 0.4866026423539227
10/04/2006, 0.4959016847383756
11/04/2006, 0.5049139686063602
12/04/2006, 0.5140682602922209
13/04/2006, 0.5248463180807026
17/04/2006, 0.5443870545833859
18/04/2006, 0.5517334686636263
19/04/2006, 0.5577373047310085
20/04/2006, 0.5652610099320181
21/04/2006, 0.5733622753143914
24/04/2006, 0.5783341879377527
25/04/2006, 0.5829752024758383
26/04/2006, 0.5870472854464439
27/04/2006, 0.5896159020351096
28/04/2006, 0.5927281967749478
01/05/2006, 0.5941789337362163
02/05/2006, 0.5956394831868959
03/05/2006, 0.5944809652253118
04/05/2006, 0.5928485380820026
05/05/2006, 0.5897243082341569
08/05/2006, 0.586483849205706
09/05/2006, 0.5820780894145388
10/05/2006, 0.5781497285077117
11/05/2006, 0.5738013684062587
12/05/2006, 0.5697934372980917
15/05/2006, 0.5652391026553586
16/05/2006, 0.5617188196164237
17/05/2006, 0.5581384389159141
18/05/2006, 0.5549039315076231
19/05/2006, 0.5518341195698601
22/05/2006, 0.5472604328365761
23/05/2006, 0.5421669393560961
24/05/2006, 0.5376193141575712
25/05/2006, 0.5337175250351367
26/05/2006, 0.5281562427486488
30/05/2006, 0.5195130586674447
31/05/2006, 0.5161330297948967
01/06/2006, 0.5119362871803063
02/06/2006, 0.5073463932305851
05/06/2006, 0.5019859325341992
06/06/2006, 0.49603434749352676
07/06/2006, 0.48875823760453657
08/06/2006, 0.48236799339304615
09/06/2006, 0.4777509830806873
12/06/2006, 0.4730396163021093
13/06/2006, 0.46826754153960704
14/06/2006, 0.46479346330521437
15/06/2006, 0.46246693328367255
16/06/2006, 0.4605080174543721
19/06/2006, 0.45876996545779847
20/06/2006, 0.45770051534468775
21/06/2006, 0.4588431747437032
22/06/2006, 0.45900258489676377
23/06/2006, 0.4590389501881494
26/06/2006, 0.4609799024847083
27/06/2006, 0.46256318280630426
28/06/2006, 0.46503199908261555
29/06/2006, 0.4673170591166812
30/06/2006, 0.4696729318849573
03/07/2006, 0.47317419142434386
05/07/2006, 0.4801977104326129
06/07/2006, 0.4839115783679352
07/07/2006, 0.48726244437451127
10/07/2006, 0.49055815210834725
11/07/2006, 0.49453656817431896
12/07/2006, 0.49890110386566083
13/07/2006, 0.5038923154424206
14/07/2006, 0.5082472714609229
17/07/2006, 0.5123507051159634
18/07/2006, 0.5164626377515664
19/07/2006, 0.5217860946072064
20/07/2006, 0.5264872653796284
21/07/2006, 0.5307914395197595
24/07/2006, 0.5350764180633362
25/07/2006, 0.541401279912553
26/07/2006, 0.5489846946526681
27/07/2006, 0.5547061473656482
28/07/2006, 0.5597770028186777
31/07/2006, 0.5647418612144739
01/08/2006, 0.568785653260389
02/08/2006, 0.5730194492211607
03/08/2006, 0.5773689465956297
04/08/2006, 0.581953774077018
07/08/2006, 0.5861182203106814
08/08/2006, 0.5897873754296975
09/08/2006, 0.5926713628791177
10/08/2006, 0.5958975747254882
11/08/2006, 0.5990679436100919
14/08/2006, 0.6021180075716986
15/08/2006, 0.6038090258969949
16/08/2006, 0.6063319428768261
17/08/2006, 0.6092678896525284
18/08/2006, 0.6130424270364514
21/08/2006, 0.6178954560835332
22/08/2006, 0.6233894748165512
23/08/2006, 0.6280158776406409
24/08/2006, 0.6338982743519034
25/08/2006, 0.6392408011623565
28/08/2006, 0.644038610003915
29/08/2006, 0.6496482019483876
30/08/2006, 0.654467030344968
31/08/2006, 0.6598114972933082
01/09/2006, 0.6653824494763143
05/09/2006, 0.6751400569497441
06/09/2006, 0.6794911959708744
07/09/2006, 0.6833275917862469
08/09/2006, 0.6871814517540044
11/09/2006, 0.691011038627241
12/09/2006, 0.6952719831103172
13/09/2006, 0.6987816161677513
14/09/2006, 0.7016307548237952
15/09/2006, 0.7047029066149777
18/09/2006, 0.7090632361421173
19/09/2006, 0.713592413113777
20/09/2006, 0.7169702453277244
21/09/2006, 0.7188243910445814
22/09/2006, 0.7189287139916682
25/09/2006, 0.719378545975115
26/09/2006, 0.7192738167573147
27/09/2006, 0.7194628519396358
28/09/2006, 0.7204963308960212
29/09/2006, 0.7221360693519318
02/10/2006, 0.723373666508798
03/10/2006, 0.7251363573778588
04/10/2006, 0.7262699088147401
05/10/2006, 0.7273777051849256
06/10/2006, 0.729026473319695
09/10/2006, 0.7313693934876003
10/10/2006, 0.732926809831004
11/10/2006, 0.7336891076571408
12/10/2006, 0.7339753002892708
13/10/2006, 0.7338739610569965
16/10/2006, 0.7332714366257155
17/10/2006, 0.7318357621752337
18/10/2006, 0.7309250088446503
19/10/2006, 0.730216592643627
20/10/2006, 0.728755645495112
23/10/2006, 0.7258860839409336
24/10/2006, 0.7230376276163952
25/10/2006, 0.7199215800924735
26/10/2006, 0.7170209733873939
27/10/2006, 0.7156727093049068
30/10/2006, 0.7130983053355968
31/10/2006, 0.7117105922803533
01/11/2006, 0.7099245278492707
02/11/2006, 0.708104827706185
03/11/2006, 0.7068068278880317
06/11/2006, 0.7037020020871714
07/11/2006, 0.6999105907971102
08/11/2006, 0.6955422685491331
09/11/2006, 0.6913905687130819
10/11/2006, 0.6877900869087494
13/11/2006, 0.6847603230954756
14/11/2006, 0.6816068398690751
15/11/2006, 0.678027633239398
16/11/2006, 0.6743351869761077
17/11/2006, 0.6716836596617353
20/11/2006, 0.6665136704410685
21/11/2006, 0.6610456990435396
22/11/2006, 0.6563119690882534
24/11/2006, 0.6468086640661905
27/11/2006, 0.6426444497206121
28/11/2006, 0.6374593660026668
29/11/2006, 0.632306125721949
30/11/2006, 0.6269049700741781
01/12/2006, 0.621736487833737
04/12/2006, 0.6161890133693385
05/12/2006, 0.6094267981554494
06/12/2006, 0.6021372678644213
07/12/2006, 0.5957109869545715
08/12/2006, 0.5899333130148092
11/12/2006, 0.5847530114599498
12/12/2006, 0.5787586783556871
13/12/2006, 0.5722094814851705
14/12/2006, 0.5649081780355544
15/12/2006, 0.5570911655424172
18/12/2006, 0.5487221521788397
19/12/2006, 0.5411686449078345
20/12/2006, 0.5335327865663949
21/12/2006, 0.525795212308337
22/12/2006, 0.5192626117748004
26/12/2006, 0.5068981563554112
27/12/2006, 0.501146710187455
28/12/2006, 0.49515906315588226
29/12/2006, 0.48939231463968247
03/01/2007, 0.4736587591482245
04/01/2007, 0.4701237905066817
05/01/2007, 0.46744053799518154
08/01/2007, 0.46447922682223775
09/01/2007, 0.4616529610494997
10/01/2007, 0.45870955235661687
11/01/2007, 0.45600793143143326
12/01/2007, 0.45316904536602726
16/01/2007, 0.44861838608190774
17/01/2007, 0.44882111813944425
18/01/2007, 0.4498895342757771
19/01/2007, 0.45109439552746877
22/01/2007, 0.45267069372842383
23/01/2007, 0.4545431248939156
24/01/2007, 0.45563223002766406
25/01/2007, 0.45642994173835344
26/01/2007, 0.45781694520216104
29/01/2007, 0.4598485652695444
30/01/2007, 0.46185554842035764
31/01/2007, 0.4636249293656248
01/02/2007, 0.46565285010832264
02/02/2007, 0.46636077667644776
05/02/2007, 0.46652753365420807
06/02/2007, 0.46674891612362457
07/02/2007, 0.46676440750083376
08/02/2007, 0.46702320034270894
09/02/2007, 0.4672071587466708
12/02/2007, 0.46744694432816686
13/02/2007, 0.46791109380719015
14/02/2007, 0.46839653843879375
15/02/2007, 0.4691341339138167
16/02/2007, 0.4715577507694054
20/02/2007, 0.4759269349008258
21/02/2007, 0.47770982234325166
22/02/2007, 0.477681649230361
23/02/2007, 0.47821228718042164
26/02/2007, 0.478175461560294
27/02/2007, 0.4788966880552124
28/02/2007, 0.4793628130969846
01/03/2007, 0.4799949527907878
02/03/2007, 0.48236123319434443
05/03/2007, 0.4840613464864821
06/03/2007, 0.4864102435791196
07/03/2007, 0.4889320173435395
08/03/2007, 0.4921357878855846
09/03/2007, 0.49531242982394336
12/03/2007, 0.498740561864756
13/03/2007, 0.5026412751635386
14/03/2007, 0.5060356377177926
15/03/2007, 0.5078739006547417
16/03/2007, 0.5098540473230551
19/03/2007, 0.5110454539760062
20/03/2007, 0.5118768759676283
21/03/2007, 0.5132724038319475
22/03/2007, 0.5138610524135021
23/03/2007, 0.5145034149854955
26/03/2007, 0.5162558742780249
27/03/2007, 0.5185514701040159
28/03/2007, 0.521526023719034
29/03/2007, 0.5247168918160544
30/03/2007, 0.5281552960142878
02/04/2007, 0.5325021410732407
03/04/2007, 0.5375874994731523
04/04/2007, 0.542027316337107
05/04/2007, 0.5466811481969116
09/04/2007, 0.5573485340252358
10/04/2007, 0.5632179204966365
11/04/2007, 0.5705110985252295
12/04/2007, 0.5773086044897383
13/04/2007, 0.5844660043378078
16/04/2007, 0.5917557711389361
17/04/2007, 0.5977968281263335
18/04/2007, 0.6041502505280659
19/04/2007, 0.6095969664687819
20/04/2007, 0.6143790947856158
23/04/2007, 0.6198912993089898
24/04/2007, 0.6233561622164786
25/04/2007, 0.6268981511895666
26/04/2007, 0.6299377020908948
27/04/2007, 0.6329098540091181
30/04/2007, 0.6361170687506039
01/05/2007, 0.6378536444432826
02/05/2007, 0.6391273143728846
03/05/2007, 0.6392945063898746
04/05/2007, 0.6394581998459389
07/05/2007, 0.63883433549863
08/05/2007, 0.6380658277930071
09/05/2007, 0.6374135470514634
10/05/2007, 0.6369423796929164
11/05/2007, 0.6370665540543763
14/05/2007, 0.6374031623563972
15/05/2007, 0.6371448955108345
16/05/2007, 0.6375103863393298
17/05/2007, 0.6372268128669145
18/05/2007, 0.6362491541758084
21/05/2007, 0.634696900721802
22/05/2007, 0.633947715442731
23/05/2007, 0.6326880462006956
24/05/2007, 0.6309745138138897
25/05/2007, 0.6284499697021301
29/05/2007, 0.6240001165034395
30/05/2007, 0.6217146157485329
31/05/2007, 0.6194948530944722
01/06/2007, 0.6176894438953353
04/06/2007, 0.615620747033425
05/06/2007, 0.6138810727642773
06/06/2007, 0.6117104848134837
07/06/2007, 0.6101075678033276
08/06/2007, 0.6082586822866254
11/06/2007, 0.6061717983871588
12/06/2007, 0.6039827080330815
13/06/2007, 0.6014395571606407
14/06/2007, 0.5985145278598943
15/06/2007, 0.5956029647532864
18/06/2007, 0.5932938117629029
19/06/2007, 0.5917125831599657
20/06/2007, 0.5897590849461267
21/06/2007, 0.5899349308948015
22/06/2007, 0.5909472911641749
25/06/2007, 0.5916463619535937
26/06/2007, 0.5928469118480487
27/06/2007, 0.5941981165715972
28/06/2007, 0.5948797356080108
29/06/2007, 0.5960354154966606
02/07/2007, 0.5972627908034336
03/07/2007, 0.5980452371852307
05/07/2007, 0.6004631011137737
06/07/2007, 0.6015450138811517
09/07/2007, 0.6019831006923652
10/07/2007, 0.6029719757580223
11/07/2007, 0.6054645487602737
12/07/2007, 0.6085210850307096
13/07/2007, 0.6120875085585293
16/07/2007, 0.6158356615855546
17/07/2007, 0.6201734166818819
18/07/2007, 0.6245662324556032
19/07/2007, 0.6283808695281755
20/07/2007, 0.6328177315549852
23/07/2007, 0.6366285120236407
24/07/2007, 0.6404041556127842
25/07/2007, 0.6442336113322236
26/07/2007, 0.6488477373840756
27/07/2007, 0.6534707523143582
30/07/2007, 0.6580261584897655
31/07/2007, 0.662538841389552
01/08/2007, 0.6670327045832942
02/08/2007, 0.6718250009275424
03/08/2007, 0.6767907827044733
06/08/2007, 0.6813076652561411
07/08/2007, 0.6855173208084563
08/08/2007, 0.6907544066105828
09/08/2007, 0.6965774749130291
10/08/2007, 0.7020013547241019
13/08/2007, 0.7057898446594738
14/08/2007, 0.7081036442068087
15/08/2007, 0.7088243840976308
16/08/2007, 0.7108222755657752
17/08/2007, 0.7124585547740754
20/08/2007, 0.7142294642250929
21/08/2007, 0.7159567426092358
22/08/2007, 0.7174351256225626
23/08/2007, 0.7197044663289585
24/08/2007, 0.722339156168587
27/08/2007, 0.7252900022925813
28/08/2007, 0.7287350901594281
29/08/2007, 0.7321190311987779
30/08/2007, 0.7360017765868965
31/08/2007, 0.7405580309010525
04/09/2007, 0.7498409650966269
05/09/2007, 0.7536891360738832
06/09/2007, 0.7563397803426556
07/09/2007, 0.7589888543670339
10/09/2007, 0.7620257189737477
11/09/2007, 0.7644579196147786
12/09/2007, 0.767589726609336
13/09/2007, 0.7700952245940849
14/09/2007, 0.7735781920824334
17/09/2007, 0.7764789508146664
18/09/2007, 0.7786785366378073
19/09/2007, 0.7799165179353625
20/09/2007, 0.7809483214241479
21/09/2007, 0.7820100187232487
24/09/2007, 0.7821361306941573
25/09/2007, 0.7825427078668292
26/09/2007, 0.7835929655635793
27/09/2007, 0.7844559373384741
28/09/2007, 0.7857304990859114
01/10/2007, 0.7857738833817984
02/10/2007, 0.7856681297966024
03/10/2007, 0.7848318706366464
04/10/2007, 0.7836869888214928
05/10/2007, 0.7818804707099508
08/10/2007, 0.7795986159004978
09/10/2007, 0.7768673341037569
10/10/2007, 0.7755805474702153
11/10/2007, 0.7749090579586062
12/10/2007, 0.7764208179264822
16/10/2007, 0.7763237672092915
17/10/2007, 0.7760726237369641
18/10/2007, 0.7742984864369874
19/10/2007, 0.7718968682336221
22/10/2007, 0.7675325001134368
23/10/2007, 0.7622908951126934
24/10/2007, 0.7571957903767985
25/10/2007, 0.751060072044837
26/10/2007, 0.7438380567352774
29/10/2007, 0.7374114705526533
30/10/2007, 0.7292852798824617
31/10/2007, 0.7202050544758488
01/11/2007, 0.7114191046384607
02/11/2007, 0.7034788300956893
05/11/2007, 0.6958892988917281
06/11/2007, 0.6849049872246684
07/11/2007, 0.6723329943736922
08/11/2007, 0.6598321833750687
09/11/2007, 0.6468691225301577
12/11/2007, 0.6338020563517895
13/11/2007, 0.6216002947547462
14/11/2007, 0.6102976714471785
15/11/2007, 0.5983197610522489
16/11/2007, 0.5879158573563137
19/11/2007, 0.5773209871626636
20/11/2007, 0.5662281727273307
21/11/2007, 0.5538199941109337
23/11/2007, 0.5266156329495175
26/11/2007, 0.5127353012878336
27/11/2007, 0.4984244208520344
28/11/2007, 0.48322787781689724
29/11/2007, 0.4666141957980638
30/11/2007, 0.45126889242086843
03/12/2007, 0.4357882485057604
04/12/2007, 0.4196267695784082
05/12/2007, 0.4020695803787341
06/12/2007, 0.3852120290491054
07/12/2007, 0.37054625907644173
10/12/2007, 0.35715291275627276
11/12/2007, 0.344315081419744
12/12/2007, 0.32988976746478027
13/12/2007, 0.31745278229957513
14/12/2007, 0.30528944113994677
17/12/2007, 0.29409059730266524
18/12/2007, 0.28400621251549385
19/12/2007, 0.2730396744300037
20/12/2007, 0.2626486621585445
21/12/2007, 0.251953893744605
24/12/2007, 0.2411584879306814
26/12/2007, 0.22278023676275632
27/12/2007, 0.21310956756122906
28/12/2007, 0.2039566693418433
31/12/2007, 0.19450691521003738
02/01/2008, 0.1756657526156693
03/01/2008, 0.1689964280042607
04/01/2008, 0.1625167275970078
07/01/2008, 0.1554943753508167
08/01/2008, 0.14903319541992321
09/01/2008, 0.14409392057229103
10/01/2008, 0.1376153043108994
11/01/2008, 0.13084386356834807
14/01/2008, 0.12520952613401715
15/01/2008, 0.11955688776843004
16/01/2008, 0.11369604325815498
17/01/2008, 0.10771607275999541
18/01/2008, 0.10245406013918269
22/01/2008, 0.09595309251987233
23/01/2008, 0.09492949143096839
24/01/2008, 0.09422065346733098
25/01/2008, 0.09501120199288544
28/01/2008, 0.09690114761019915
29/01/2008, 0.09889326499402065
30/01/2008, 0.10150160594078349
31/01/2008, 0.10546890440036889
01/02/2008, 0.1114211081581801
04/02/2008, 0.11982750148907909
05/02/2008, 0.12640688697848537
06/02/2008, 0.13393063608558287
07/02/2008, 0.13873017193657736
08/02/2008, 0.1454708827929318
11/02/2008, 0.15101912228041955
12/02/2008, 0.15486146907484866
13/02/2008, 0.16012684739886934
14/02/2008, 0.16626710936817948
15/02/2008, 0.17453408482415264
19/02/2008, 0.19134968908678118
20/02/2008, 0.2012130068972274
21/02/2008, 0.2124640687020779
22/02/2008, 0.22028982636578626
25/02/2008, 0.2297356685828474
26/02/2008, 0.23938978335564542
27/02/2008, 0.249795693294743
28/02/2008, 0.2609220083146216
29/02/2008, 0.27169010270289407
03/03/2008, 0.28510529957979863
04/03/2008, 0.3004300774512182
05/03/2008, 0.31518250288736854
06/03/2008, 0.32931567180952154
07/03/2008, 0.34246920394198016
10/03/2008, 0.3561893562585136
11/03/2008, 0.3687381144845506
12/03/2008, 0.3806385996659002
13/03/2008, 0.39120036881660014
14/03/2008, 0.40194369674952024
17/03/2008, 0.4136406949378461
18/03/2008, 0.42647264929393364
19/03/2008, 0.44099349455524745
20/03/2008, 0.4514013704182159
24/03/2008, 0.47167744746087176
25/03/2008, 0.4818004828062303
26/03/2008, 0.4931929430998602
27/03/2008, 0.5034830558707685
28/03/2008, 0.5136997014797267
31/03/2008, 0.5224774733405103
01/04/2008, 0.5311509440122353
02/04/2008, 0.5380769316902354
03/04/2008, 0.5454395749509819
04/04/2008, 0.5516412406621554
07/04/2008, 0.5597192929705362
08/04/2008, 0.5687552952445899
09/04/2008, 0.5762772176334771
10/04/2008, 0.5854977069384384
11/04/2008, 0.5926252123478217
14/04/2008, 0.5989766478732549
15/04/2008, 0.6054279360426322
16/04/2008, 0.6101633395040519
17/04/2008, 0.6150122654805558
18/04/2008, 0.6200290343568122
21/04/2008, 0.6231474491791512
22/04/2008, 0.6252875478270501
23/04/2008, 0.6269350050675899
24/04/2008, 0.6283521685554734
25/04/2008, 0.6307007451429797
28/04/2008, 0.6317993471300177
29/04/2008, 0.6339557725476641
30/04/2008, 0.6312152815076278
01/05/2008, 0.627625364067666
02/05/2008, 0.6255793109614868
05/05/2008, 0.6225303311209457
06/05/2008, 0.6188764819603756
07/05/2008, 0.6153039361208958
08/05/2008, 0.6138110355549194
09/05/2008, 0.6126841467007439
12/05/2008, 0.6127304188179511
13/05/2008, 0.614078265955874
14/05/2008, 0.6154104247998299
15/05/2008, 0.6155595752660162
16/05/2008, 0.6147873869184491
19/05/2008, 0.6103598650163746
20/05/2008, 0.6062647752548963
21/05/2008, 0.6011939165827751
22/05/2008, 0.5957938030584838
23/05/2008, 0.5893017643501187
27/05/2008, 0.5769976060146067
28/05/2008, 0.5708248742676183
29/05/2008, 0.5628873090002764
30/05/2008, 0.5533185932856711
02/06/2008, 0.5442783691763002
03/06/2008, 0.5337789471441717
04/06/2008, 0.5232305524130154
05/06/2008, 0.5121890342706283
06/06/2008, 0.5018236798061755
09/06/2008, 0.49077472815380324
10/06/2008, 0.47962540444482205
11/06/2008, 0.4672245500051098
12/06/2008, 0.45454084162228964
13/06/2008, 0.44285671571108387
16/06/2008, 0.4320493303583774
17/06/2008, 0.4207098876674925
18/06/2008, 0.40922494817188415
19/06/2008, 0.40314949353594487
20/06/2008, 0.3958451775184995
23/06/2008, 0.3898988384917365
24/06/2008, 0.38322962491745677
25/06/2008, 0.37518909718678994
26/06/2008, 0.3660947393717366
27/06/2008, 0.3583712154829345
30/06/2008, 0.35043205680962713
01/07/2008, 0.3421155159528709
02/07/2008, 0.33282031446423804
03/07/2008, 0.3247363982473236
07/07/2008, 0.3067691341980072
08/07/2008, 0.29742134066038706
09/07/2008, 0.28723265105882867
10/07/2008, 0.275196125507734
11/07/2008, 0.2618318521852391
14/07/2008, 0.2472847360246551
15/07/2008, 0.23262168172303804
16/07/2008, 0.22442031570997453
17/07/2008, 0.21530456336455667
18/07/2008, 0.2063374329147895
21/07/2008, 0.19872968381238135
22/07/2008, 0.19226423730866626
23/07/2008, 0.18625270819688391
24/07/2008, 0.1790434903566934
25/07/2008, 0.17323443419032472
28/07/2008, 0.16837880806050778
29/07/2008, 0.16399337128027622
30/07/2008, 0.15780737224296995
31/07/2008, 0.15525005532718025
01/08/2008, 0.1511431043068033
04/08/2008, 0.14666557047533366
05/08/2008, 0.1419797980561652
06/08/2008, 0.1361523502102226
07/08/2008, 0.13297845723558413
08/08/2008, 0.12949521643985992
11/08/2008, 0.12548426821000572
12/08/2008, 0.12256025434682348
13/08/2008, 0.11824379455437349
14/08/2008, 0.11203720156971084
15/08/2008, 0.10494428526028714
18/08/2008, 0.10023852682204065
19/08/2008, 0.09745201873601696
20/08/2008, 0.0921544388965173
21/08/2008, 0.08545484587221182
22/08/2008, 0.08019630964883592
25/08/2008, 0.07307864200076053
26/08/2008, 0.06739239608709031
27/08/2008, 0.06090177471188073
28/08/2008, 0.055761470878579335
29/08/2008, 0.053826053643325024
02/09/2008, 0.04967210204716267
03/09/2008, 0.04518162497793986
04/09/2008, 0.040528963853236954
05/09/2008, 0.03716040242067815
08/09/2008, 0.03324443354174922
09/09/2008, 0.030323728581682294
10/09/2008, 0.029839309857218933
11/09/2008, 0.029677625950986337
12/09/2008, 0.026629462734672045
15/09/2008, 0.023261811210341238
16/09/2008, 0.02278168164196768
17/09/2008, 0.02102241541412775
18/09/2008, 0.019490866627486163
19/09/2008, 0.016653624639637717
22/09/2008, 0.01452642867008653
23/09/2008, 0.012074541294388832
24/09/2008, 0.009449755087422277
25/09/2008, 0.007858561598000855
26/09/2008, 0.007216149445554552
29/09/2008, 0.0047304363507489405
30/09/2008, 0.003175570973367454
01/10/2008, 0.0011671605173918203
02/10/2008, 0.0
03/10/2008, 0.0014561215523117071
06/10/2008, 0.0014844642722281667
07/10/2008, 0.005567384559149054
08/10/2008, 0.010503157308905877
09/10/2008, 0.015550779157424538
10/10/2008, 0.01874387155332742
13/10/2008, 0.023457970633904788
14/10/2008, 0.028820346431562373
15/10/2008, 0.02913702355921368
16/10/2008, 0.031055742708784733
17/10/2008, 0.03126029668864373
20/10/2008, 0.031447655923102204
21/10/2008, 0.03332297584408865
22/10/2008, 0.03749525287460254
23/10/2008, 0.038932753997454536
24/10/2008, 0.04225336119120977
27/10/2008, 0.04499842953429513
28/10/2008, 0.05181876778639002
29/10/2008, 0.056771554868592394
30/10/2008, 0.061134300415311656
31/10/2008, 0.07121758562954922
03/11/2008, 0.08108109764579893
04/11/2008, 0.09113657540706484
05/11/2008, 0.10470024940734175
06/11/2008, 0.11871469319961142
07/11/2008, 0.13266927021051372
10/11/2008, 0.14687967899238774
11/11/2008, 0.15891535339428425
12/11/2008, 0.17388711291099881
13/11/2008, 0.18739325921882602
14/11/2008, 0.19968858605555653
17/11/2008, 0.2095947413954418
18/11/2008, 0.21939774537174103
19/11/2008, 0.23114866309015578
20/11/2008, 0.24185288315969158
21/11/2008, 0.2539742648726813
24/11/2008, 0.26591800902614465
25/11/2008, 0.2789947522184072
26/11/2008, 0.2871255011337188
28/11/2008, 0.30787626114529576
01/12/2008, 0.3175293630110447
02/12/2008, 0.3269736908518221
03/12/2008, 0.33362067088561037
04/12/2008, 0.33937203747374334
05/12/2008, 0.34491622884710876
08/12/2008, 0.34870067226739476
09/12/2008, 0.35597153014005245
10/12/2008, 0.3625229999511264
11/12/2008, 0.37249521894047466
12/12/2008, 0.38246224700931986
15/12/2008, 0.39085770417542376
16/12/2008, 0.40291468259706914
17/12/2008, 0.4157581044180131
18/12/2008, 0.42973176181673733
19/12/2008, 0.4450930339549472
22/12/2008, 0.46173647721033
23/12/2008, 0.4776297374612767
24/12/2008, 0.4921767058467303
26/12/2008, 0.5104827826148505
29/12/2008, 0.5212145565844821
30/12/2008, 0.530619548110021
31/12/2008, 0.539080535834261
02/01/2009, 0.5531896091022038
05/01/2009, 0.5588967957643517
06/01/2009, 0.5628778037124754
07/01/2009, 0.5658518609345718
08/01/2009, 0.5703120533127443
09/01/2009, 0.5736670869713482
12/01/2009, 0.5763871252256724
13/01/2009, 0.5805763420201621
14/01/2009, 0.5852071196001177
15/01/2009, 0.5908274404771912
16/01/2009, 0.596308132574621
20/01/2009, 0.6099676384226226
21/01/2009, 0.6156342481302894
22/01/2009, 0.6200359655083366
23/01/2009, 0.6288797027612206
26/01/2009, 0.6359415841748184
27/01/2009, 0.6439669922666807
28/01/2009, 0.651628972594409
29/01/2009, 0.6577333792660152
30/01/2009, 0.6667953842700061
02/02/2009, 0.6734097237359211
03/02/2009, 0.679026344893827
04/02/2009, 0.6858172371891292
05/02/2009, 0.6923352221151317
06/02/2009, 0.699451280573145
09/02/2009, 0.7038537655986404
10/02/2009, 0.7100374904247647
11/02/2009, 0.7155363240009712
12/02/2009, 0.7204839523474953
13/02/2009, 0.7250484673368296
17/02/2009, 0.7274321638452454
18/02/2009, 0.730089610532913
19/02/2009, 0.7310798443507375
20/02/2009, 0.7321861997953647
23/02/2009, 0.7328760020702598
24/02/2009, 0.7336512801042162
25/02/2009, 0.7332735076208877
26/02/2009, 0.7308501238543704
27/02/2009, 0.7299473443746389
02/03/2009, 0.7296183269231006
03/03/2009, 0.728777483614333
04/03/2009, 0.7286672629848346
05/03/2009, 0.7293198016979365
06/03/2009, 0.7298736212799385
09/03/2009, 0.7307563567956611
10/03/2009, 0.7305193916171037
11/03/2009, 0.7316305274228035
12/03/2009, 0.7321833582793285
13/03/2009, 0.7328685752469454
16/03/2009, 0.7336054609768039
17/03/2009, 0.7329240046512137
18/03/2009, 0.732015485906004
19/03/2009, 0.7291700392485407
20/03/2009, 0.727975085989145
23/03/2009, 0.7266674885869121
24/03/2009, 0.7266470948890728
25/03/2009, 0.7245609628722385
26/03/2009, 0.7220664170337682
27/03/2009, 0.7207667112978401
30/03/2009, 0.7203229879431452
31/03/2009, 0.7206339866619946
01/04/2009, 0.7216273118509544
02/04/2009, 0.7235097658320285
03/04/2009, 0.7258981974520493
06/04/2009, 0.7265010822225426
07/04/2009, 0.7284050477653891
08/04/2009, 0.7290531477797453
09/04/2009, 0.7273567808587479
13/04/2009, 0.7242913102676508
14/04/2009, 0.7239007102153499
15/04/2009, 0.7233439371587663
16/04/2009, 0.7227806255147199
17/04/2009, 0.7216145108206677
20/04/2009, 0.7219666366319414
21/04/2009, 0.7207797374225445
22/04/2009, 0.720966617347602
23/04/2009, 0.7213505684231278
24/04/2009, 0.7216747141527291
27/04/2009, 0.7233507356345841
28/04/2009, 0.7254477812444193
29/04/2009, 0.7264456475578941
30/04/2009, 0.726455881068968
01/05/2009, 0.7251111938225615
04/05/2009, 0.7239476364185975
05/05/2009, 0.723224835942947
06/05/2009, 0.7242173476920514
07/05/2009, 0.7253250503911057
08/05/2009, 0.7246772634974391
11/05/2009, 0.7241633531787037
12/05/2009, 0.7242474787313667
13/05/2009, 0.7247280637200993
14/05/2009, 0.7246997970986613
15/05/2009, 0.7239470534832084
18/05/2009, 0.7239417332436416
19/05/2009, 0.7239318528457522
20/05/2009, 0.7232337601383285
21/05/2009, 0.7209682291937959
22/05/2009, 0.7204077062686534
26/05/2009, 0.7203293636727562
27/05/2009, 0.7202391588406195
28/05/2009, 0.7185484626255884
29/05/2009, 0.7163824223484172
01/06/2009, 0.713991554512267
02/06/2009, 0.710385739877107
03/06/2009, 0.7074141762805238
04/06/2009, 0.7029773290198876
05/06/2009, 0.6998121500446141
08/06/2009, 0.6977316490714807
09/06/2009, 0.6958219193496534
10/06/2009, 0.6939914223481118
11/06/2009, 0.6920098816291159
12/06/2009, 0.6908119963702429
15/06/2009, 0.6897092604753043
16/06/2009, 0.6872686848615922
17/06/2009, 0.6846351539413896
18/06/2009, 0.6841328782531509
19/06/2009, 0.6841893305020975
22/06/2009, 0.6845533480248316
23/06/2009, 0.6854747203271492
24/06/2009, 0.6851716012778587
25/06/2009, 0.684046827192184
26/06/2009, 0.6830678666661544
29/06/2009, 0.6822854703277869
30/06/2009, 0.6814797900455949
01/07/2009, 0.6807812216578408
02/07/2009, 0.6799702807375533
06/07/2009, 0.6743078833092194
07/07/2009, 0.6721379925937531
08/07/2009, 0.6704081694362127
09/07/2009, 0.6693381184698797
10/07/2009, 0.6689750087829354
13/07/2009, 0.6694363225546456
14/07/2009, 0.6707129995649903
15/07/2009, 0.6724330040207637
16/07/2009, 0.6736781183889579
17/07/2009, 0.6764760078979396
20/07/2009, 0.6787661047720527
21/07/2009, 0.6829082278258816
22/07/2009, 0.686560107946559
23/07/2009, 0.6894965136108032
24/07/2009, 0.691711532783031
27/07/2009, 0.6938647054262641
28/07/2009, 0.6964991311949409
29/07/2009, 0.6992599710830684
30/07/2009, 0.7023833810148445
31/07/2009, 0.7058548283189389
03/08/2009, 0.7102280369490691
04/08/2009, 0.7135205853406985
05/08/2009, 0.7177066720063568
06/08/2009, 0.7215641247077605
07/08/2009, 0.7246467970759481
10/08/2009, 0.7275482417290023
11/08/2009, 0.7296404120986739
12/08/2009, 0.7320247553723912
13/08/2009, 0.7342497538004928
14/08/2009, 0.7363788985538892
17/08/2009, 0.7387470703246409
18/08/2009, 0.7406760350984455
19/08/2009, 0.7425571618093566
20/08/2009, 0.7445111282275962
21/08/2009, 0.7462319512559489
24/08/2009, 0.747255709023768
25/08/2009, 0.748519747010729
26/08/2009, 0.7510914185882442
27/08/2009, 0.7546087944725856
28/08/2009, 0.7575500851372733
31/08/2009, 0.7607791659723002
01/09/2009, 0.7638820658496295
02/09/2009, 0.7677467220913934
03/09/2009, 0.7718877137901472
04/09/2009, 0.7755487474421036
08/09/2009, 0.7793493198122732
09/09/2009, 0.7807646394790334
10/09/2009, 0.7814439963495695
11/09/2009, 0.7815774688356103
14/09/2009, 0.781776752937851
15/09/2009, 0.7820818665029344
16/09/2009, 0.783219950639784
17/09/2009, 0.7825534663095651
18/09/2009, 0.7811386246028371
21/09/2009, 0.7795451214017629
22/09/2009, 0.778288956395051
23/09/2009, 0.7773671114954688
24/09/2009, 0.7766754454794279
25/09/2009, 0.7763972504786762
28/09/2009, 0.7766610738433787
29/09/2009, 0.7769325551233588
30/09/2009, 0.7771120303963976
01/10/2009, 0.7780823279507689
02/10/2009, 0.7784376871397916
05/10/2009, 0.778630236242241
06/10/2009, 0.7790686769423825
07/10/2009, 0.7797038723442571
08/10/2009, 0.7803535785831636
09/10/2009, 0.7794461601167304
12/10/2009, 0.778334415772759
13/10/2009, 0.7774766230781679
14/10/2009, 0.7759976084109915
15/10/2009, 0.7733842831012663
16/10/2009, 0.7701673189470266
19/10/2009, 0.7670291293968265
20/10/2009, 0.7637588436174438
21/10/2009, 0.761055649658225
22/10/2009, 0.7587738630135579
23/10/2009, 0.7554203232164973
26/10/2009, 0.7521673628714639
27/10/2009, 0.7475848185865477
28/10/2009, 0.7424681795775665
29/10/2009, 0.7383196015342677
30/10/2009, 0.7344613447953686
02/11/2009, 0.7299450774727807
03/11/2009, 0.7251693029293315
04/11/2009, 0.7205123868745973
05/11/2009, 0.7150010697901014
06/11/2009, 0.7098798599378223
09/11/2009, 0.7042711893197481
10/11/2009, 0.6986216452494501
11/11/2009, 0.6927711700243624
12/11/2009, 0.6860143745604567
13/11/2009, 0.6792011976771892
16/11/2009, 0.6717045058776209
17/11/2009, 0.664541460959582
18/11/2009, 0.6578118492694797
19/11/2009, 0.6515208856825042
20/11/2009, 0.6450045219870946
23/11/2009, 0.6384701002536076
24/11/2009, 0.6312573060972307
25/11/2009, 0.624037786966656
27/11/2009, 0.6083372059916585
30/11/2009, 0.6004428627419687
01/12/2009, 0.5927351802325861
02/12/2009, 0.5854556702845466
03/12/2009, 0.578428300009666
04/12/2009, 0.5708333834855138
07/12/2009, 0.5639145080492804
08/12/2009, 0.5579410809261816
09/12/2009, 0.5524032002924867
10/12/2009, 0.5464028092836454
11/12/2009, 0.5413736470112698
14/12/2009, 0.5373098006383483
15/12/2009, 0.5333025615636559
16/12/2009, 0.5284217808745525
17/12/2009, 0.5243377743086952
18/12/2009, 0.5205208324437844
21/12/2009, 0.5165208890725428
22/12/2009, 0.5119618250674062
23/12/2009, 0.5069752118542554
24/12/2009, 0.5031914222212188
28/12/2009, 0.49747561352906505
29/12/2009, 0.49425426252213855
30/12/2009, 0.4909518368822005
31/12/2009, 0.4882892308010494
04/01/2010, 0.4847501045617132
05/01/2010, 0.4828638395563047
06/01/2010, 0.48172519285636173
07/01/2010, 0.4805213944984571
08/01/2010, 0.4790043372665297
11/01/2010, 0.4779652994087856
12/01/2010, 0.47650036755742814
13/01/2010, 0.47619368046723426
14/01/2010, 0.476528455014915
15/01/2010, 0.47710861922319464
19/01/2010, 0.47606163585271266
20/01/2010, 0.47430443390596905
21/01/2010, 0.47242899857544823
22/01/2010, 0.46988414125499545
25/01/2010, 0.4670102535827965
26/01/2010, 0.464463931139781
27/01/2010, 0.46105944708147345
28/01/2010, 0.457283200451033
29/01/2010, 0.453514086146945
01/02/2010, 0.4496325847239015
02/02/2010, 0.44534371107348864
03/02/2010, 0.4410907032923519
04/02/2010, 0.43653132643973797
05/02/2010, 0.4329929539657402
08/02/2010, 0.42886697194814244
09/02/2010, 0.42371485960437794
10/02/2010, 0.4202704477431722
11/02/2010, 0.4166608460269246
12/02/2010, 0.4135101332946202
16/02/2010, 0.4079946189851704
17/02/2010, 0.40458147722195426
18/02/2010, 0.4018587430142796
19/02/2010, 0.3989758434016298
22/02/2010, 0.39717388955977034
23/02/2010, 0.39532849771240774
24/02/2010, 0.3931062655646798
25/02/2010, 0.3910376218617892
26/02/2010, 0.3895516375626081
01/03/2010, 0.3886555718264498
02/03/2010, 0.38730570323585717
03/03/2010, 0.3859366432177506
04/03/2010, 0.38402959124568165
05/03/2010, 0.383198945103016
08/03/2010, 0.3829238933477593
09/03/2010, 0.3825438387590689
10/03/2010, 0.38121266904254925
11/03/2010, 0.38021615365143957
12/03/2010, 0.37824411661022705
15/03/2010, 0.376607436264198
16/03/2010, 0.37477603378198016
17/03/2010, 0.3721587168680706
18/03/2010, 0.37240603388817006
19/03/2010, 0.372681907780879
22/03/2010, 0.3732599871507059
23/03/2010, 0.37406970550423463
24/03/2010, 0.37502300577475
25/03/2010, 0.37631910469568214
26/03/2010, 0.3780877170934772
29/03/2010, 0.37978063104713233
30/03/2010, 0.3809679923533113
31/03/2010, 0.3816199943301675
01/04/2010, 0.38182149970129736
05/04/2010, 0.37948587921523214
06/04/2010, 0.3773121045182286
07/04/2010, 0.37607701496761226
08/04/2010, 0.3742512495100973
09/04/2010, 0.37112220428788295
12/04/2010, 0.3687665494567498
13/04/2010, 0.36798434520391776
14/04/2010, 0.3668149849518323
15/04/2010, 0.3664123097359043
16/04/2010, 0.36639208630855796
19/04/2010, 0.3669139072777981
20/04/2010, 0.36619925389118874
21/04/2010, 0.36559596282474977
22/04/2010, 0.3650135412022318
23/04/2010, 0.36384243226756946
26/04/2010, 0.3630195876397853
27/04/2010, 0.3621786842695864
28/04/2010, 0.36019862756875765
29/04/2010, 0.3587301912113848
30/04/2010, 0.35668617605102837
03/05/2010, 0.3552567012937504
04/05/2010, 0.3525673625222485
05/05/2010, 0.34992803739741757
06/05/2010, 0.34789651328147
07/05/2010, 0.3472141964826385
10/05/2010, 0.3466231289019123
11/05/2010, 0.3459025148995049
12/05/2010, 0.343994187821553
13/05/2010, 0.34182024798198285
14/05/2010, 0.33935218722956173
17/05/2010, 0.3383114535703386
18/05/2010, 0.33706860200758265
19/05/2010, 0.33548000012955254
20/05/2010, 0.3342667401803272
21/05/2010, 0.33316639963438094
24/05/2010, 0.33139681787941383
25/05/2010, 0.3299547849029159
26/05/2010, 0.3290803257724516
27/05/2010, 0.3279432064975054
28/05/2010, 0.3272397443534256
01/06/2010, 0.32916688300081803
02/06/2010, 0.3322678408045009
03/06/2010, 0.3351306422658981
04/06/2010, 0.3389866089259258
07/06/2010, 0.34407297066435144
08/06/2010, 0.34764345318400225
09/06/2010, 0.35149426223126506
10/06/2010, 0.3539474608890613
11/06/2010, 0.3561427449049356
14/06/2010, 0.35818148139232764
15/06/2010, 0.36013872190479423
16/06/2010, 0.362471605124798
17/06/2010, 0.3664475168935716
18/06/2010, 0.37071459928255734
21/06/2010, 0.3748213385701902
22/06/2010, 0.3796034140272719
23/06/2010, 0.38496285462151786
24/06/2010, 0.39040845790151535
25/06/2010, 0.39548220152848323
28/06/2010, 0.4005218941407571
29/06/2010, 0.40675617844415335
30/06/2010, 0.41329011608712235
01/07/2010, 0.4192199604846732
02/07/2010, 0.4241525201121684
06/07/2010, 0.43418452520449446
07/07/2010, 0.4389496631394411
08/07/2010, 0.4457757460119706
09/07/2010, 0.45219013032383065
12/07/2010, 0.4585066935603988
13/07/2010, 0.46632428099837303
14/07/2010, 0.47127205600939576
15/07/2010, 0.47646432235900354
16/07/2010, 0.4820996521590148
19/07/2010, 0.4873387520397412
20/07/2010, 0.4962479920016106
21/07/2010, 0.5066814069638667
22/07/2010, 0.5164467459017409
23/07/2010, 0.5263185850986842
26/07/2010, 0.5371378054600187
27/07/2010, 0.5479763991192265
28/07/2010, 0.5597350791213251
29/07/2010, 0.5718785295888045
30/07/2010, 0.5832377634216801
02/08/2010, 0.595117200124102
03/08/2010, 0.6056391672897362
04/08/2010, 0.6157865356389294
05/08/2010, 0.626340354499402
06/08/2010, 0.6361393615026184
09/08/2010, 0.645699706010306
10/08/2010, 0.6548430580046722
11/08/2010, 0.6629547055820503
12/08/2010, 0.6708790037149768
13/08/2010, 0.6777629196560903
16/08/2010, 0.6858659823793665
17/08/2010, 0.6919827921105174
18/08/2010, 0.6968262464929691
19/08/2010, 0.7010969534654453
20/08/2010, 0.7040776856779769
23/08/2010, 0.7070615568544042
24/08/2010, 0.7104572407118296
25/08/2010, 0.7135747706288441
26/08/2010, 0.7159824295163623
27/08/2010, 0.7185757128502567
30/08/2010, 0.721890234771104
31/08/2010, 0.7253094405025683
01/09/2010, 0.7281338438720312
02/09/2010, 0.7283419675375843
03/09/2010, 0.7289891808285239
07/09/2010, 0.729647368038052
08/09/2010, 0.7309224649128846
09/09/2010, 0.732541430854512
10/09/2010, 0.734915990629697
13/09/2010, 0.7376168106257318
14/09/2010, 0.7402186430038178
15/09/2010, 0.7428157575287397
16/09/2010, 0.7421794255788664
17/09/2010, 0.7410437385190127
20/09/2010, 0.7405235986057961
21/09/2010, 0.7395232340504214
22/09/2010, 0.738956869889488
23/09/2010, 0.7385478007296996
24/09/2010, 0.7373360822547345
27/09/2010, 0.7351774957660417
28/09/2010, 0.7331392306484545
29/09/2010, 0.7309066024066583
30/09/2010, 0.7283313343519952
01/10/2010, 0.7256554408933884
04/10/2010, 0.7232485978074771
05/10/2010, 0.7207327933806809
06/10/2010, 0.7192541705497472
07/10/2010, 0.7177835471983551
08/10/2010, 0.7169310474983016
11/10/2010, 0.7164656688109814
12/10/2010, 0.7160851104444862
13/10/2010, 0.7143460769345031
14/10/2010, 0.7136394251770865
15/10/2010, 0.714035786774141
18/10/2010, 0.7143979590273529
19/10/2010, 0.7146608725705411
20/10/2010, 0.7143484796476662
21/10/2010, 0.714787450301357
22/10/2010, 0.7151527294335407
25/10/2010, 0.7147365719460502
26/10/2010, 0.7130587459671848
27/10/2010, 0.7114839578226398
28/10/2010, 0.7107371299035492
29/10/2010, 0.7102637002217504
01/11/2010, 0.7117580846606988
02/11/2010, 0.7124243930342172
03/11/2010, 0.7117190169495516
04/11/2010, 0.7117883297562632
05/11/2010, 0.7117572338289948
08/11/2010, 0.7104580416042184
09/11/2010, 0.7089553184839674
10/11/2010, 0.7071918125930039
11/11/2010, 0.7054573734492017
12/11/2010, 0.7038618433000662
15/11/2010, 0.6994392270150674
16/11/2010, 0.6942721479561013
17/11/2010, 0.6893400043595955
18/11/2010, 0.6843867750193026
19/11/2010, 0.6785432890380724
22/11/2010, 0.6725294721586055
23/11/2010, 0.6663053184842875
24/11/2010, 0.6604159032727328
26/11/2010, 0.6466557224651914
29/11/2010, 0.6404604946776508
30/11/2010, 0.6343126539681094
01/12/2010, 0.6286913034706698
02/12/2010, 0.6225991287408028
03/12/2010, 0.6156603546719166
06/12/2010, 0.6094187207737877
07/12/2010, 0.6027050174906314
08/12/2010, 0.5955331975490907
09/12/2010, 0.5886166913963049
10/12/2010, 0.5819401584328081
13/12/2010, 0.575310219895023
14/12/2010, 0.5688486765952214
15/12/2010, 0.5629941658120023
16/12/2010, 0.5575863732466537
17/12/2010, 0.551371731589599
20/12/2010, 0.5450359114554526
21/12/2010, 0.5389061594983857
22/12/2010, 0.5345254206013573
23/12/2010, 0.5304451186012213
27/12/2010, 0.5225420399743138
28/12/2010, 0.5187188361643675
29/12/2010, 0.5157790315216559
30/12/2010, 0.5132659679375183
31/12/2010, 0.5111330995949311
03/01/2011, 0.5085611550377929
04/01/2011, 0.505764940124048
05/01/2011, 0.5027831979330284
06/01/2011, 0.4989799563939412
07/01/2011, 0.495317561325533
10/01/2011, 0.4917786593270043
11/01/2011, 0.4880514878307884
12/01/2011, 0.48673201144033557
13/01/2011, 0.4856563543740056
14/01/2011, 0.4842071633506349
18/01/2011, 0.4799371740710928
19/01/2011, 0.47631269177593566
20/01/2011, 0.4723331524198278
21/01/2011, 0.4686564388875595
24/01/2011, 0.46566467147999036
25/01/2011, 0.46278420046258884
26/01/2011, 0.4599431492791274
27/01/2011, 0.4573353701520973
28/01/2011, 0.4549045063830037
31/01/2011, 0.4533765351506321
01/02/2011, 0.4518345170521775
02/02/2011, 0.4498311211280195
03/02/2011, 0.4477724326930151
04/02/2011, 0.445888065393181
07/02/2011, 0.443709084528636
08/02/2011, 0.4414524010016527
09/02/2011, 0.43911670178262074
10/02/2011, 0.43677697450866754
11/02/2011, 0.4339345075138366
14/02/2011, 0.43076613555573007
15/02/2011, 0.4283936027943371
16/02/2011, 0.42448911527388333
17/02/2011, 0.42144196236533066
18/02/2011, 0.4176083200510581
22/02/2011, 0.411742229009314
23/02/2011, 0.40755408677154537
24/02/2011, 0.40346660316614896
25/02/2011, 0.3985229219711811
28/02/2011, 0.3942737380019182
01/03/2011, 0.3904634747989105
02/03/2011, 0.38603711876285934
03/03/2011, 0.38192465625934413
04/03/2011, 0.37826235676104325
07/03/2011, 0.37555727524926175
08/03/2011, 0.3723199372085049
09/03/2011, 0.3686026952933557
10/03/2011, 0.36504324789534326
11/03/2011, 0.3615279352662295
14/03/2011, 0.3576336969794502
15/03/2011, 0.35308030465594004
16/03/2011, 0.34835193808901666
17/03/2011, 0.3458892579241104
18/03/2011, 0.34361734580018477
21/03/2011, 0.3413252145425017
22/03/2011, 0.338118859991744
23/03/2011, 0.33578703683087274
24/03/2011, 0.3336949167647422
25/03/2011, 0.3312978925711768
28/03/2011, 0.32829758849918966
29/03/2011, 0.32460154832145616
30/03/2011, 0.3216056182378071
31/03/2011, 0.31926303884533974
01/04/2011, 0.3168296010288365
04/04/2011, 0.3156743566767622
05/04/2011, 0.3156931440460606
06/04/2011, 0.3158679784799764
07/04/2011, 0.3164521612583531
08/04/2011, 0.317670362945704
11/04/2011, 0.31939650818106946
12/04/2011, 0.32106035419480666
13/04/2011, 0.3228636419556481
14/04/2011, 0.32578123870678644
15/04/2011, 0.32982524068526936
18/04/2011, 0.3326269556820871
19/04/2011, 0.3376924157112335
20/04/2011, 0.34191112002159646
21/04/2011, 0.3465365929016206
25/04/2011, 0.3566680999592795
26/04/2011, 0.36277138777753215
27/04/2011, 0.36801445170740127
28/04/2011, 0.37327286884828526
29/04/2011, 0.37807265021818126
02/05/2011, 0.382511160723463
03/05/2011, 0.38688063814462054
04/05/2011, 0.39217204917712156
05/05/2011, 0.3969420197419069
06/05/2011, 0.40211813089386395
09/05/2011, 0.40631780567283043
10/05/2011, 0.410622499632577
11/05/2011, 0.4141999365391319
12/05/2011, 0.41925089692054357
13/05/2011, 0.42313753144149524
16/05/2011, 0.4296526584923369
17/05/2011, 0.4367139841422925
18/05/2011, 0.44405919278382316
19/05/2011, 0.45108146880724814
20/05/2011, 0.45702303599570626
23/05/2011, 0.4613707321733546
24/05/2011, 0.46525549486970846
25/05/2011, 0.4694886914585216
26/05/2011, 0.4748429335434364
27/05/2011, 0.4794829733852383
31/05/2011, 0.4877519496790543
01/06/2011, 0.49225935785825314
02/06/2011, 0.49568979879851766
03/06/2011, 0.49923584185543607
06/06/2011, 0.5018102877766005
07/06/2011, 0.5032745528148136
08/06/2011, 0.5038367747355293
09/06/2011, 0.5049673853420252
10/06/2011, 0.5068533715954651
13/06/2011, 0.5081560554503243
14/06/2011, 0.5095061782460205
15/06/2011, 0.5109615077752317
16/06/2011, 0.5099810690980979
17/06/2011, 0.5092118269946514
20/06/2011, 0.5091229421933207
21/06/2011, 0.5100240116265666
22/06/2011, 0.5100707136553587
23/06/2011, 0.5093379818341056
24/06/2011, 0.5085951891561442
27/06/2011, 0.5067288913314569
28/06/2011, 0.5060058308286268
29/06/2011, 0.5052642276645726
30/06/2011, 0.5051592636606658
01/07/2011, 0.5034797371983337
05/07/2011, 0.5016158057895328
06/07/2011, 0.5005768065227224
07/07/2011, 0.499715934839833
08/07/2011, 0.5002869798378875
11/07/2011, 0.5006539528894728
12/07/2011, 0.5024684398781616
13/07/2011, 0.5023472593237367
14/07/2011, 0.502495130270325
15/07/2011, 0.503056798672614
18/07/2011, 0.505805342288713
19/07/2011, 0.5102821591247493
20/07/2011, 0.51523372467731
21/07/2011, 0.521443474308576
22/07/2011, 0.5275320102222942
25/07/2011, 0.5332690374076297
26/07/2011, 0.5387518909908413
27/07/2011, 0.5444315414756838
28/07/2011, 0.5487745931848742
29/07/2011, 0.5520901524210923
01/08/2011, 0.5553108557989912
02/08/2011, 0.5585098365803449
03/08/2011, 0.5612994096405461
04/08/2011, 0.5637962935841098
05/08/2011, 0.5662947959285335
08/08/2011, 0.5697874325223962
09/08/2011, 0.5728651777502966
10/08/2011, 0.5758852267211031
11/08/2011, 0.578843124702662
12/08/2011, 0.5820137443703312
15/08/2011, 0.5819157443316066
16/08/2011, 0.5824654511740207
17/08/2011, 0.5820786899712351
18/08/2011, 0.5817186184750144
19/08/2011, 0.5806218560108871
22/08/2011, 0.5786364428298246
23/08/2011, 0.5766240724775525
24/08/2011, 0.5748139431041036
25/08/2011, 0.5734114800215236
26/08/2011, 0.5714902907344843
29/08/2011, 0.569392164010208
30/08/2011, 0.5674338760648123
31/08/2011, 0.5670481002326183
01/09/2011, 0.5665195995990535
02/09/2011, 0.5685491438707049
06/09/2011, 0.5746693313784799
07/09/2011, 0.5767223199108287
08/09/2011, 0.5795219332890637
09/09/2011, 0.580890429194633
12/09/2011, 0.5813457162365446
13/09/2011, 0.5822222077999872
14/09/2011, 0.5826309980475195
15/09/2011, 0.5818060219820577
16/09/2011, 0.5826785215649561
19/09/2011, 0.583579845115615
20/09/2011, 0.5845764707514048
21/09/2011, 0.5841317716432067
22/09/2011, 0.5839127001371935
23/09/2011, 0.5838582380646204
26/09/2011, 0.5844424879277079
27/09/2011, 0.5849016743529961
28/09/2011, 0.5853917951764386
29/09/2011, 0.586105807498207
30/09/2011, 0.587987596477386
03/10/2011, 0.5910468977292453
04/10/2011, 0.594467106749153
05/10/2011, 0.5967852647991255
06/10/2011, 0.5992680384996862
07/10/2011, 0.6015818068938562
10/10/2011, 0.603931197874019
11/10/2011, 0.6057682014631909
12/10/2011, 0.6097407189231084
13/10/2011, 0.6129302589660878
14/10/2011, 0.6159253421878963
17/10/2011, 0.6184258510156362
18/10/2011, 0.6214613911274774
19/10/2011, 0.6254488867512024
20/10/2011, 0.6301794824745346
21/10/2011, 0.63660764199602
24/10/2011, 0.6424714929272256
25/10/2011, 0.6464740263569545
26/10/2011, 0.6498340746025034
27/10/2011, 0.6538822996000915
28/10/2011, 0.6557790071540169
31/10/2011, 0.6587417976791917
01/11/2011, 0.6612153216611493
02/11/2011, 0.6627669291373983
03/11/2011, 0.6625620442908248
04/11/2011, 0.6629496936713988
07/11/2011, 0.6625077286216298
08/11/2011, 0.662219542243473
09/11/2011, 0.6625958755718988
10/11/2011, 0.6618834244224612
11/11/2011, 0.6601702967049629
14/11/2011, 0.656948481072477
15/11/2011, 0.6529869110233609
16/11/2011, 0.6482975778617072
17/11/2011, 0.6439545177095564
18/11/2011, 0.6404022885585557
21/11/2011, 0.636449642824191
22/11/2011, 0.6322494213513332
23/11/2011, 0.6287163256079736
25/11/2011, 0.6222521561100636
28/11/2011, 0.6182737364443911
29/11/2011, 0.6144211782788124
30/11/2011, 0.6106771663123655
01/12/2011, 0.6069133382270293
02/12/2011, 0.6025370033590873
05/12/2011, 0.5980725941547604
06/12/2011, 0.5930084451311549
07/12/2011, 0.5874844656346755
08/12/2011, 0.5826525238044726
09/12/2011, 0.5792593274822461
12/12/2011, 0.5754344040316668
13/12/2011, 0.5714726856575039
14/12/2011, 0.5675883316889183
15/12/2011, 0.5646089533154951
16/12/2011, 0.5619848703624094
19/12/2011, 0.559357177578447
20/12/2011, 0.556509758009489
21/12/2011, 0.5539907957446845
22/12/2011, 0.5543028041944018
23/12/2011, 0.5551953217016901
27/12/2011, 0.5568134582095223
28/12/2011, 0.5572826961500146
29/12/2011, 0.5557322834741931
30/12/2011, 0.5543147658912454
03/01/2012, 0.5503039750706661
04/01/2012, 0.5483878197384111
05/01/2012, 0.5467575651479784
06/01/2012, 0.5448525839765976
09/01/2012, 0.5426984530255079
10/01/2012, 0.5409250466369669
11/01/2012, 0.5403350375626365
12/01/2012, 0.5397369313888276
13/01/2012, 0.5395125969546294
17/01/2012, 0.5385629184137545
18/01/2012, 0.5369624786070872
19/01/2012, 0.5359923505556076
20/01/2012, 0.5342537779731185
23/01/2012, 0.5318090793590271
24/01/2012, 0.5299740492195176
25/01/2012, 0.5280501361953643
26/01/2012, 0.5258395832019526
27/01/2012, 0.523319302938624
30/01/2012, 0.5207716350006255
31/01/2012, 0.5187172189847389
01/02/2012, 0.5152668914013088
02/02/2012, 0.5122165102651217
03/02/2012, 0.5100839822856259
06/02/2012, 0.5083728168099383
07/02/2012, 0.5068903764628986
08/02/2012, 0.5063180702908032
09/02/2012, 0.5063029079879582
10/02/2012, 0.5059425870306444
13/02/2012, 0.5052390283347857
14/02/2012, 0.503847460559795
15/02/2012, 0.5018191798396515
16/02/2012, 0.4991898138013857
17/02/2012, 0.49661332340853315
21/02/2012, 0.49338284623610823
22/02/2012, 0.4914074297948374
23/02/2012, 0.490497244335715
24/02/2012, 0.48951339030424945
27/02/2012, 0.4885707748455065
28/02/2012, 0.4874611297431043
29/02/2012, 0.48680698343863255
01/03/2012, 0.48672829250339616
02/03/2012, 0.4859384367306768
05/03/2012, 0.4845648243534783
06/03/2012, 0.482296054986516
07/03/2012, 0.4809815597525601
08/03/2012, 0.47913799214361863
09/03/2012, 0.4777018571698361
12/03/2012, 0.4762518916382449
13/03/2012, 0.4743383193567164
14/03/2012, 0.47170451867123425
15/03/2012, 0.4699791296343467
16/03/2012, 0.46912003279497033
19/03/2012, 0.467936052158598
20/03/2012, 0.467205995868603
21/03/2012, 0.4668112219747694
22/03/2012, 0.4672155134199763
23/03/2012, 0.467752490907808
26/03/2012, 0.46747695587787164
27/03/2012, 0.46724926405515926
28/03/2012, 0.4661329074381593
29/03/2012, 0.46520007739322633
30/03/2012, 0.4654599920204734
02/04/2012, 0.4656960630143998
03/04/2012, 0.46637155874225183
04/04/2012, 0.46693266007017625
05/04/2012, 0.46717990815282084
09/04/2012, 0.46736864294336217
10/04/2012, 0.4674090132376387
11/04/2012, 0.4665740671244774
12/04/2012, 0.465972315679407
13/04/2012, 0.4649273241932377
16/04/2012, 0.46358225825001875
17/04/2012, 0.4616718152799058
18/04/2012, 0.4578104262144255
19/04/2012, 0.454640702082825
20/04/2012, 0.4506553900763438
23/04/2012, 0.4473858535195681
24/04/2012, 0.44416577149070763
25/04/2012, 0.4419351821693907
26/04/2012, 0.4394125002758545
27/04/2012, 0.43730270721455344
30/04/2012, 0.43562287985413867
01/05/2012, 0.435008437752642
02/05/2012, 0.4351999527919834
03/05/2012, 0.43662591070527146
04/05/2012, 0.4377619389598805
07/05/2012, 0.43918578848415013
08/05/2012, 0.4408468389203612
09/05/2012, 0.44260484485972507
10/05/2012, 0.4440590735355012
11/05/2012, 0.4453459967616714
14/05/2012, 0.4476900519160964
15/05/2012, 0.45097878851878215
16/05/2012, 0.4548683676161762
17/05/2012, 0.4589789836490024
18/05/2012, 0.46349586559067035
21/05/2012, 0.4676880205914369
22/05/2012, 0.4720749560082019
23/05/2012, 0.47688967511931324
24/05/2012, 0.4808381139640263
25/05/2012, 0.4856619066764574
29/05/2012, 0.49544933205685665
30/05/2012, 0.5003649880018992
31/05/2012, 0.5045696256329051
01/06/2012, 0.5086613617272063
04/06/2012, 0.5128359404300574
05/06/2012, 0.5167312059669584
06/06/2012, 0.5198058542749997
07/06/2012, 0.5234606208299489
08/06/2012, 0.5274289048862484
11/06/2012, 0.5325784393065732
12/06/2012, 0.5386746254205479
13/06/2012, 0.5444560215603017
14/06/2012, 0.5493038226939471
15/06/2012, 0.5543775690736803
18/06/2012, 0.5611377765037499
19/06/2012, 0.5675783376442902
20/06/2012, 0.5739079151739866
21/06/2012, 0.5797657321575049
22/06/2012, 0.5859188401624071
25/06/2012, 0.5932431648454004
26/06/2012, 0.6004661261703511
27/06/2012, 0.6076506926702092
28/06/2012, 0.61439364220549
29/06/2012, 0.6215017657102738
02/07/2012, 0.6287522405248092
03/07/2012, 0.6355046042287448
05/07/2012, 0.6492977700639017
06/07/2012, 0.6556599964155008
09/07/2012, 0.6625912501144717
10/07/2012, 0.6704817342970985
11/07/2012, 0.6770158581966281
12/07/2012, 0.6824147304975052
13/07/2012, 0.6872916433223109
16/07/2012, 0.6917613659005672
17/07/2012, 0.6954385417819989
18/07/2012, 0.6982152006943206
19/07/2012, 0.7011542093095618
20/07/2012, 0.7051431478902044
23/07/2012, 0.7072522519496157
24/07/2012, 0.7091874334524837
25/07/2012, 0.7108522353887734
26/07/2012, 0.7119208840782292
27/07/2012, 0.7134194257933728
30/07/2012, 0.7141476243151504
31/07/2012, 0.7144825788824436
01/08/2012, 0.7142396511801674
02/08/2012, 0.7142852171779378
03/08/2012, 0.7144344796394917
06/08/2012, 0.7152207724095933
07/08/2012, 0.7162083967294735
08/08/2012, 0.7160878355088396
09/08/2012, 0.7159822504056876
10/08/2012, 0.7158764764912945
13/08/2012, 0.7160731407532887
14/08/2012, 0.7165284718879038
15/08/2012, 0.7155238064353779
16/08/2012, 0.7145333228717403
17/08/2012, 0.7123415319761217
20/08/2012, 0.7093522062741089
21/08/2012, 0.7056122782043245
22/08/2012, 0.7024118023719585
23/08/2012, 0.6990413541008215
24/08/2012, 0.69485890396022
27/08/2012, 0.6897000688251961
28/08/2012, 0.6842766008325554
29/08/2012, 0.6781115037165013
30/08/2012, 0.6726876681287561
31/08/2012, 0.6672893629167911
04/09/2012, 0.6572720913327657
05/09/2012, 0.6520786613493381
06/09/2012, 0.6462642711100346
07/09/2012, 0.6406000663579992
10/09/2012, 0.6354537079508754
11/09/2012, 0.6293606836472595
12/09/2012, 0.6229754106757511
13/09/2012, 0.617539598703011
14/09/2012, 0.6124953315951855
17/09/2012, 0.6072125108205303
18/09/2012, 0.6011286765504376
19/09/2012, 0.5983856040044211
20/09/2012, 0.5954820177513932
21/09/2012, 0.5928259889216254
24/09/2012, 0.5902991588529709
25/09/2012, 0.5878020180881898
26/09/2012, 0.585374177864361
27/09/2012, 0.5826861784247085
28/09/2012, 0.5804686545354458
01/10/2012, 0.5780470550718135
02/10/2012, 0.57551764661915
03/10/2012, 0.57276885977343
04/10/2012, 0.5700265278414073
05/10/2012, 0.5672159892438055
08/10/2012, 0.5638593355824537
09/10/2012, 0.5616905822421348
10/10/2012, 0.5604584764855294
11/10/2012, 0.5587836859059558
12/10/2012, 0.5567165759444318
15/10/2012, 0.5550311270484939
16/10/2012, 0.5539549352058786
17/10/2012, 0.5528323079776771
18/10/2012, 0.5516187957753926
19/10/2012, 0.5490196343078322
22/10/2012, 0.5460378097092704
23/10/2012, 0.542623740377915
24/10/2012, 0.5399817116998182
25/10/2012, 0.53696459285341
26/10/2012, 0.535447771726675
31/10/2012, 0.5298740822901369
01/11/2012, 0.5276106439871143
02/11/2012, 0.5251909227089293
05/11/2012, 0.5230591750076107
06/11/2012, 0.5220787118970028
07/11/2012, 0.5208725405429616
08/11/2012, 0.5207590909086308
09/11/2012, 0.5208201849795234
12/11/2012, 0.5208049585395638
13/11/2012, 0.521479421819605
14/11/2012, 0.5218915081073542
15/11/2012, 0.5218398014202233
16/11/2012, 0.5230866989349844
19/11/2012, 0.5252159651506642
20/11/2012, 0.527642341554539
21/11/2012, 0.5299898549498265
23/11/2012, 0.5356298247200931
26/11/2012, 0.539000170009388
27/11/2012, 0.5423066426570052
28/11/2012, 0.5455089100906788
29/11/2012, 0.5487256704469331
30/11/2012, 0.5516185552794414
03/12/2012, 0.5545305754949678
04/12/2012, 0.5578697641910368
05/12/2012, 0.5619788172480626
06/12/2012, 0.5664597547049678
07/12/2012, 0.5709944496219157
10/12/2012, 0.575199310574074
11/12/2012, 0.5796162101795701
12/12/2012, 0.5843660304020357
13/12/2012, 0.5891382526303961
14/12/2012, 0.5948600625870817
17/12/2012, 0.6007044115306873
18/12/2012, 0.60596192383437
19/12/2012, 0.6112743008323027
20/12/2012, 0.6175962446803147
21/12/2012, 0.6240114254935328
24/12/2012, 0.630441661644409
26/12/2012, 0.6403387474341069
27/12/2012, 0.6447924676512108
28/12/2012, 0.6485925700770823
31/12/2012, 0.6519930758706933
02/01/2013, 0.6596387082738685
03/01/2013, 0.6630447189700879
04/01/2013, 0.666216182605018
07/01/2013, 0.6690294534872345
08/01/2013, 0.6715008424711149
09/01/2013, 0.672975972049757
10/01/2013, 0.6739893765614754
11/01/2013, 0.6754669934635987
14/01/2013, 0.6774051170378257
15/01/2013, 0.6765638799165853
16/01/2013, 0.6748307457654452
17/01/2013, 0.67321287096142
18/01/2013, 0.6712444712760978
22/01/2013, 0.667306984307849
23/01/2013, 0.6660467715182861
24/01/2013, 0.6649133310313233
25/01/2013, 0.6643438574783024
28/01/2013, 0.6640337353800398
29/01/2013, 0.6631731140728858
30/01/2013, 0.6628302659605795
31/01/2013, 0.6618288624589669
01/02/2013, 0.6601307795912698
04/02/2013, 0.6572136315102487
05/02/2013, 0.6546546542488858
06/02/2013, 0.6529619042646575
07/02/2013, 0.6511256826529392
08/02/2013, 0.6493633583139143
11/02/2013, 0.6476127145485426
12/02/2013, 0.6465563363856153
13/02/2013, 0.6454925793679644
14/02/2013, 0.6459552280315748
15/02/2013, 0.6476845656943427
19/02/2013, 0.650351897454203
20/02/2013, 0.6519108656061029
21/02/2013, 0.6520577873357677
22/02/2013, 0.6516242746293244
25/02/2013, 0.6513389458278
26/02/2013, 0.6514396579802836
27/02/2013, 0.651933936859582
28/02/2013, 0.6525594210502367
01/03/2013, 0.6523793858810587
04/03/2013, 0.6511958948406076
05/03/2013, 0.6508489212452337
06/03/2013, 0.650331301602965
07/03/2013, 0.6498530561780023
08/03/2013, 0.6499088678908973
11/03/2013, 0.6497050676210793
12/03/2013, 0.6498003008398963
13/03/2013, 0.6502257038688292
14/03/2013, 0.6508871924388593
15/03/2013, 0.6514370050794185
18/03/2013, 0.6515913871618804
19/03/2013, 0.652101037900593
20/03/2013, 0.6528425286671448
21/03/2013, 0.6531594400358296
22/03/2013, 0.6533797697936843
25/03/2013, 0.6527464026486592
26/03/2013, 0.6520089539067407
27/03/2013, 0.650906972811744
28/03/2013, 0.6498939407156298
01/04/2013, 0.6474016047918425
02/04/2013, 0.6460924603555496
03/04/2013, 0.6446674361880117
04/04/2013, 0.6426921680242286
05/04/2013, 0.6402694028877685
08/04/2013, 0.6381675268575678
09/04/2013, 0.6357767073304104
10/04/2013, 0.6339567449258404
11/04/2013, 0.6314283632841776
12/04/2013, 0.6291736096321059
15/04/2013, 0.6269540053754775
16/04/2013, 0.6240122882659623
17/04/2013, 0.621190027823152
18/04/2013, 0.6179765973544253
19/04/2013, 0.6148159960095432
22/04/2013, 0.6126848692168089
23/04/2013, 0.6110906740419126
24/04/2013, 0.6100074099437753
25/04/2013, 0.6092050874091468
26/04/2013, 0.6087088952233942
29/04/2013, 0.6075495633947192
30/04/2013, 0.6065712977882558
01/05/2013, 0.6056935165784794
02/05/2013, 0.6047487008751502
03/05/2013, 0.6043379366431607
06/05/2013, 0.6051169190891763
07/05/2013, 0.6062850014375347
08/05/2013, 0.607518634038055
09/05/2013, 0.6076268019746751
10/05/2013, 0.6072022215350903
13/05/2013, 0.6072153259936253
14/05/2013, 0.6077691738130153
15/05/2013, 0.6078669288801635
16/05/2013, 0.6082046412393398
17/05/2013, 0.6087672699581125
20/05/2013, 0.6072588256495025
21/05/2013, 0.6057589021758981
22/05/2013, 0.6048767201772638
23/05/2013, 0.6036861397850389
24/05/2013, 0.6030331100194337
28/05/2013, 0.6024083597744718
29/05/2013, 0.6015042736098698
30/05/2013, 0.6006157827241314
31/05/2013, 0.5997086606019749
03/06/2013, 0.5984993678439465
04/06/2013, 0.5965335376921483
05/06/2013, 0.5946570134234778
06/06/2013, 0.5925921023811189
07/06/2013, 0.5903554480297338
10/06/2013, 0.588027812354831
11/06/2013, 0.585647646728888
12/06/2013, 0.5826210339224973
13/06/2013, 0.578553071040592
14/06/2013, 0.57508381050604
17/06/2013, 0.5716288284264128
18/06/2013, 0.5680172657642032
19/06/2013, 0.564614834929081
20/06/2013, 0.5620394242433208
21/06/2013, 0.5598044849666172
24/06/2013, 0.5576174682408268
25/06/2013, 0.5553496729430427
26/06/2013, 0.5528382588266204
27/06/2013, 0.5509632439264527
28/06/2013, 0.5491802276832684
01/07/2013, 0.5469740307511733
02/07/2013, 0.5445957244463087
03/07/2013, 0.5416394084150713
05/07/2013, 0.5357436790642982
08/07/2013, 0.5326546540830366
09/07/2013, 0.5293486011260615
10/07/2013, 0.5260855210719849
11/07/2013, 0.5225450873386235
12/07/2013, 0.5193868348279701
15/07/2013, 0.5164456477494551
16/07/2013, 0.5131567416409424
17/07/2013, 0.5108148398409152
18/07/2013, 0.5087188105859869
19/07/2013, 0.5074820757171883
22/07/2013, 0.506256699345402
23/07/2013, 0.5085005821854778
24/07/2013, 0.5102796391172914
25/07/2013, 0.5125356946762938
26/07/2013, 0.51562077510814
29/07/2013, 0.5187813824244554
30/07/2013, 0.5217440804163224
31/07/2013, 0.5251028476449545
01/08/2013, 0.5295954867977253
02/08/2013, 0.533802275646435
05/08/2013, 0.5378950298042153
06/08/2013, 0.5411999620709284
07/08/2013, 0.5444930224932184
08/08/2013, 0.5475613084154614
09/08/2013, 0.5503038585414055
12/08/2013, 0.5533486404885227
13/08/2013, 0.5560224158843974
14/08/2013, 0.5589171931653102
15/08/2013, 0.5619620749583271
16/08/2013, 0.5657633085757132
19/08/2013, 0.5695699928592184
20/08/2013, 0.5722882829111243
21/08/2013, 0.5750063199591061
22/08/2013, 0.5774431344424074
23/08/2013, 0.5808819150565006
26/08/2013, 0.5843211915212649
27/08/2013, 0.5881103605437425
28/08/2013, 0.5920211573779685
29/08/2013, 0.5962867084697584
30/08/2013, 0.6000099809103411
03/09/2013, 0.6067864128592136
04/09/2013, 0.611024253025552
05/09/2013, 0.615769732185587
06/09/2013, 0.6204773842023117
09/09/2013, 0.6253299405148679
10/09/2013, 0.6307040426584942
11/09/2013, 0.635994925327239
12/09/2013, 0.6419432124248117
13/09/2013, 0.648231782245239
16/09/2013, 0.6542260601655688
17/09/2013, 0.6588626236972002
18/09/2013, 0.6639546549797727
19/09/2013, 0.6651565438514933
20/09/2013, 0.6667449246539938
23/09/2013, 0.6685554307839865
24/09/2013, 0.6702420309153932
25/09/2013, 0.6729454719287048
26/09/2013, 0.676081840071024
27/09/2013, 0.6788839336750773
30/09/2013, 0.681558770979851
01/10/2013, 0.6844012572329982
02/10/2013, 0.686860540855545
03/10/2013, 0.6897184491336262
04/10/2013, 0.6923969932753404
07/10/2013, 0.6950208258952915
08/10/2013, 0.6975780617579527
09/10/2013, 0.7008847527326062
10/10/2013, 0.7043485448310745
11/10/2013, 0.707941636012674
14/10/2013, 0.7112898124376011
15/10/2013, 0.7138884371442937
16/10/2013, 0.7158908590170622
17/10/2013, 0.7185269978626152
18/10/2013, 0.7211203121452897
21/10/2013, 0.7239158031244802
22/10/2013, 0.7266313590569313
23/10/2013, 0.7289512178184593
24/10/2013, 0.731775001415938
25/10/2013, 0.7344504907872602
28/10/2013, 0.7366250719714287
29/10/2013, 0.7382587030344167
30/10/2013, 0.7391582472222537
31/10/2013, 0.7405900193807426
01/11/2013, 0.7418307614885842
04/11/2013, 0.7436903969485094
05/11/2013, 0.746671657849213
06/11/2013, 0.7487822451424884
07/11/2013, 0.7504877897932977
08/11/2013, 0.7516915470030208
11/11/2013, 0.752721972712247
12/11/2013, 0.7539787532634605
13/11/2013, 0.7551094617310588
14/11/2013, 0.7567200450046396
15/11/2013, 0.7581337964163267
18/11/2013, 0.7572597737819845
19/11/2013, 0.7563696046398072
20/11/2013, 0.7552748548598128
21/11/2013, 0.753359893754489
22/11/2013, 0.7506202633687118
25/11/2013, 0.7482062031674854
26/11/2013, 0.7459743884947159
27/11/2013, 0.7431234205525887
29/11/2013, 0.7385629081110787
02/12/2013, 0.7366343883270202
03/12/2013, 0.7348532349145251
04/12/2013, 0.7330841967306156
05/12/2013, 0.731970930253411
06/12/2013, 0.7309733581808954
09/12/2013, 0.7294921262545455
10/12/2013, 0.7278981244310795
11/12/2013, 0.7263861552692403
12/12/2013, 0.7241521696455753
13/12/2013, 0.7221606869364781
16/12/2013, 0.7195990912404461
17/12/2013, 0.7166422709858472
18/12/2013, 0.7141819136811359
19/12/2013, 0.71194676053484
20/12/2013, 0.709221120083812
23/12/2013, 0.7059711108974493
24/12/2013, 0.7021263914982846
26/12/2013, 0.6937904006893502
27/12/2013, 0.6902419559479862
30/12/2013, 0.6859176504765747
31/12/2013, 0.6819386612443511
02/01/2014, 0.6714632279611653
03/01/2014, 0.6666592217006672
06/01/2014, 0.6615497090809987
07/01/2014, 0.6553273093041337
08/01/2014, 0.6484776233804725
09/01/2014, 0.6422100868412425
10/01/2014, 0.6367475444051471
13/01/2014, 0.6304922582621459
14/01/2014, 0.6234325031154798
15/01/2014, 0.6190006778568707
16/01/2014, 0.6141802653758288
17/01/2014, 0.6102710854514406
21/01/2014, 0.6006213702911288
22/01/2014, 0.595166390016683
23/01/2014, 0.5899841180712992
24/01/2014, 0.5846343757802867
27/01/2014, 0.5789010563819039
28/01/2014, 0.5729842115711304
29/01/2014, 0.5668188785370492
30/01/2014, 0.5611669585108152
31/01/2014, 0.5558239585397676
03/02/2014, 0.5506202423418814
04/02/2014, 0.5446189306735963
05/02/2014, 0.5383076163071616
06/02/2014, 0.5313991152441356
07/02/2014, 0.5246073850257357
10/02/2014, 0.5185669569043061
11/02/2014, 0.5129176201904815
12/02/2014, 0.5075422960897
13/02/2014, 0.5026306271959994
14/02/2014, 0.4967289912056803
18/02/2014, 0.48420017483224065
19/02/2014, 0.47827827305168963
20/02/2014, 0.47297241450385696
21/02/2014, 0.4689736751634596
24/02/2014, 0.46611045133466317
25/02/2014, 0.4646398815683929
26/02/2014, 0.46299978518177315
27/02/2014, 0.4620483228338267
28/02/2014, 0.46038962603446637
03/03/2014, 0.45734430269854226
04/03/2014, 0.45530142774317767
05/03/2014, 0.4531651769899623
06/03/2014, 0.4518312553616918
07/03/2014, 0.45046942477129576
10/03/2014, 0.4482614225624735
11/03/2014, 0.4457098564362065
12/03/2014, 0.4438188559725154
13/03/2014, 0.4426307506086611
14/03/2014, 0.4409313136643275
17/03/2014, 0.4389907990145697
18/03/2014, 0.43624698721911165
19/03/2014, 0.4341668551137298
20/03/2014, 0.43252258625372475
21/03/2014, 0.43153739004271074
24/03/2014, 0.43036240187477504
25/03/2014, 0.42951075728549204
26/03/2014, 0.42896519492222035
27/03/2014, 0.4285911359539488
28/03/2014, 0.4290534962006322
31/03/2014, 0.4290299615785662
01/04/2014, 0.42922967430968617
02/04/2014, 0.42869973394612554
03/04/2014, 0.42883001126628195
04/04/2014, 0.429382059157924
07/04/2014, 0.4307389104660825
08/04/2014, 0.43215514762639046
09/04/2014, 0.4336752732040115
10/04/2014, 0.4340561375758815
11/04/2014, 0.43515242972823354
14/04/2014, 0.43623827780465063
15/04/2014, 0.4376948458773352
16/04/2014, 0.4391437246358356
17/04/2014, 0.4408302825318461
21/04/2014, 0.4438840656145728
22/04/2014, 0.44637162135587094
23/04/2014, 0.44754280611808667
24/04/2014, 0.44872227598397757
25/04/2014, 0.4508217055013074
28/04/2014, 0.451751298852455
29/04/2014, 0.45341593692052634
30/04/2014, 0.4557561336154557
01/05/2014, 0.4568473245369869
02/05/2014, 0.458378978587817
05/05/2014, 0.4608853358148432
06/05/2014, 0.4637445801266899
07/05/2014, 0.4661577786287896
08/05/2014, 0.46760457895375596
09/05/2014, 0.47025653230152886
12/05/2014, 0.4732243988435254
13/05/2014, 0.47670884207347836
14/05/2014, 0.48037188997360325
15/05/2014, 0.48290868814382004
16/05/2014, 0.4873795371666628
19/05/2014, 0.49171512304185266
20/05/2014, 0.4959148624412358
21/05/2014, 0.5001501635667924
22/05/2014, 0.5050636790645916
23/05/2014, 0.5097385035180746
27/05/2014, 0.519090391329634
28/05/2014, 0.5228805207693945
29/05/2014, 0.5262715477514103
30/05/2014, 0.5295157712911168
02/06/2014, 0.5325782236491099
03/06/2014, 0.535793656176105
04/06/2014, 0.5393447114566368
05/06/2014, 0.5432940200829269
06/06/2014, 0.547073865445295
09/06/2014, 0.5513466188852436
10/06/2014, 0.5546854545374863
11/06/2014, 0.5579012484040768
12/06/2014, 0.561088044960969
13/06/2014, 0.5648226077171488
16/06/2014, 0.568188005865272
17/06/2014, 0.5710000022767083
18/06/2014, 0.5737453256640863
19/06/2014, 0.5748839441838
20/06/2014, 0.5762320121343371
23/06/2014, 0.5766160425830469
24/06/2014, 0.5768419453078953
25/06/2014, 0.5763781831071816
26/06/2014, 0.5758972737016828
27/06/2014, 0.576159475226896
30/06/2014, 0.5761041603090957
01/07/2014, 0.5763094248053985
02/07/2014, 0.5763895248211349
03/07/2014, 0.5765477472499678
07/07/2014, 0.5768965967890676
08/07/2014, 0.5763348995330118
09/07/2014, 0.5756048999283119
10/07/2014, 0.5742170349013358
11/07/2014, 0.5737314631237834
14/07/2014, 0.5738461629295696
15/07/2014, 0.5721549686611703
16/07/2014, 0.5700462300861244
17/07/2014, 0.5674231174023215
18/07/2014, 0.5642917729302988
21/07/2014, 0.5603153226213587
22/07/2014, 0.5554344588551703
23/07/2014, 0.5506371011039054
24/07/2014, 0.5455647869115534
25/07/2014, 0.5414322255542121
28/07/2014, 0.5377853037500708
29/07/2014, 0.5345458610977868
30/07/2014, 0.5309627788838945
31/07/2014, 0.527632432938967
01/08/2014, 0.5236700229676927
04/08/2014, 0.5192794308290918
05/08/2014, 0.5153928535749233
06/08/2014, 0.5119821278206383
07/08/2014, 0.508618548374739
08/08/2014, 0.5050993630119016
11/08/2014, 0.5011663159737898
12/08/2014, 0.4965696411769378
13/08/2014, 0.4923604648360237
14/08/2014, 0.48896308685278733
15/08/2014, 0.4859698852422708
18/08/2014, 0.4820730350064253
19/08/2014, 0.4784308878833393
20/08/2014, 0.4743535594868063
21/08/2014, 0.46986612924034143
22/08/2014, 0.4665118985756466
25/08/2014, 0.4633332663331209
26/08/2014, 0.4598392665938948
27/08/2014, 0.45717964442872844
28/08/2014, 0.45417776263002296
29/08/2014, 0.45148155707038584
02/09/2014, 0.4469961724660718
03/09/2014, 0.4450482634180588
04/09/2014, 0.4430657317933771
05/09/2014, 0.44095318023663627
08/09/2014, 0.4393703205693406
09/09/2014, 0.436608741806703
10/09/2014, 0.4346569589438244
11/09/2014, 0.43283392182234753
12/09/2014, 0.4311189487364802
15/09/2014, 0.42979229402302765
16/09/2014, 0.4280575102036684
17/09/2014, 0.4261950161664756
18/09/2014, 0.4245533199396979
19/09/2014, 0.4229503293717452
22/09/2014, 0.42200899962738825
23/09/2014, 0.421026292220467
24/09/2014, 0.4200951720670151
25/09/2014, 0.41981694031811834
26/09/2014, 0.4198110120495244
29/09/2014, 0.419336243783755
30/09/2014, 0.41917891526092976
01/10/2014, 0.41855896675592336
02/10/2014, 0.41743102634928264
03/10/2014, 0.4156295026683945
